nome,qtd,categoria
.NET,1,Plataformas de Desenvolvimento
.NET FRAMEWORK,1,Plataformas de Desenvolvimento
5S,1,Habilidades Pessoais
A/B TESTING,1,Desenvolvimento de Front-end
ACCESSIBILITY,2,Outros
ACOMPANHAMENTO DE BUGS,1,Qualidade de Software
ACTIONSCRIPT,1,Linguagem de Programação
ADMINISTRACAO,2,Gestão de Empresas
ADOBE AFTER EFFECTS,1,Ferramentas de Design
ADOBE CREATIVE SUITE,1,Ferramentas de Design
ADOBE FIREWORKS,1,Ferramentas de Design
ADOBE ILLUSTRATOR,5,Ferramentas de Design
ADOBE PHOTOSHOP,6,Ferramentas de Design
ADVERTISING,5,Marketing e Vendas
AFFILIATE MARKETING,3,Marketing e Vendas
AFFILIATE NETWORKS,2,Marketing e Vendas
AFFILIATION,2,Marketing e Vendas
AFILIACAO,1,Marketing e Vendas
AGILE METHODOLOGIES,6,Gestão de Projetos
AGILE PROJECT MANAGEMENT,1,Gestão de Projetos
AJAX,4,Linguagem de Programação
AJUDA NO SUCESSO DO CLIENTE,1,Atendimento
ALGORITHMS,4,Linguagem de Programação
ALGORITMO,1,Linguagem de Programação
AMADEUS,1,Sistemas de Gestão
AMAZON EC2,2,Infraestrutura de TI
AMAZON S3,1,Infraestrutura de TI
AMAZON WEB SERVICES,1,Infraestrutura de TI
AMAZON WEB SERVICES (AWS),2,Infraestrutura de TI
AMP,1,Plataformas de Desenvolvimento
ANALISE DA COMPETITIVIDADE,1,Gestão de Empresas
ANALISE DE DADOS,1,Ciência de Dados
ANALISE DE REDE,3,Infraestrutura de TI
ANALISE DE REQUISITOS,1,Gestão de Projetos
ANALISE DE RISCOS,1,Gestão de Projetos
ANALISE DE SISTEMAS,2,Desenvolvimento de Sistemas
ANALISE FINANCEIRA,3,Gestão Financeira
ANALISES,1,Ciência de Dados
ANALISES DE MERCADO,1,Gestão de Empresas
ANDROID,3,Mobile
ANDROID DEVELOPMENT,2,Mobile
ANGEL INVESTING,1,Gestão Financeira
ANGULAR,2,Plataformas de Desenvolvimento
ANGULARJS,3,Plataformas de Desenvolvimento
APACHE,2,Plataformas de Desenvolvimento
APACHE CORDOVA,2,Plataformas de Desenvolvimento
APPLICATION DEVELOPMENT,1,Desenvolvimento de Sistemas
ARQUITETURA DE INFORMACAO,2,Engenharia de Dados
ARQUITETURA DE SOFTWARE,1,Desenvolvimento de Sistemas
ART DIRECTION,1,Artes e Design
ASP.NET,1,Linguagem de Programação
ASSET MANAGEMENT,1,Gestão de Empresas
ATENDIMENTO AO CLIENTE,13,Atendimento
AUDITORIA,1,Gestão de Empresas
AUTOCAD,1,Ferramentas de Engenharia
AUTOMACAO DE TESTES,1,Qualidade de Software
AUTOMATED SOFTWARE TESTING,1,Qualidade de Software
AVALIACAO FINANCEIRA,1,Gestão Financeira
AWS,1,Infraestrutura de TI
AXURE,3,Plataformas de Desenvolvimento
B2B,2,Marketing e Vendas
BANCO DE DADOS,2,Banco de Dados
BARMAN (BACKUP AND RECOVERY MANAGER) - POSTGRESQL,1,Banco de Dados
BASH,2,Sistemas Operacionais
BDD,1,Desenvolvimento de Sistemas
BIG DATA ANALYTICS,1,Ciência de Dados
BMC REMEDY,1,Gestão de TI
BOM RELACIONAMENTO PARA TRABALHAR EM EQUIPE.,1,Habilidades Pessoais
BOOTSTRAP,1,Plataformas de Desenvolvimento
BRAND DEVELOPMENT,2,Marketing e Vendas
BRAZILIAN LAWS,1,Gestão de Empresas
BRAZILIAN PORTUGUESE,1,Idiomas
BUG TRACKING,1,Qualidade de Software
BUSINESS,1,Gestão de Empresas
BUSINESS ANALYSIS,3,Gestão de Empresas
BUSINESS COACHING,1,Gestão de Empresas
BUSINESS DEVELOPMENT,6,Gestão de Empresas
BUSINESS INNOVATION,1,Gestão de Empresas
BUSINESS INTELLIGENCE,8,BI
BUSINESS INTELLIGENCE TOOLS,1,BI
BUSINESS MANAGEMENT,1,Gestão de Empresas
BUSINESS MODEL CANVAS,1,Gestão de Empresas
BUSINESS PLANNING,14,Gestão de Empresas
BUSINESS PROCESS IMPROVEMENT,1,Gestão de Empresas
BUSINESS STRATEGY,16,Gestão de Empresas
BUSINESS VALUATION,1,Gestão de Empresas
C,10,Linguagem de Programação
C (LINGUAGEM DE PROGRAMACAO),4,Linguagem de Programação
C/C++,1,Linguagem de Programação
C#,5,Linguagem de Programação
C++,13,Linguagem de Programação
CALL CENTERS,1,Atendimento
CAPACIDADE ANALITICA,1,Ciência de Dados
CAPITAL DE RISCO,1,Gestão Financeira
CAPITAL MARKETS,1,Gestão Financeira
CARTOES DE CREDITO,1,Marketing e Vendas
CBL,1,Infraestrutura de TI
CENTRAIS DE ATENDIMENTO,1,Atendimento
CENTRO DE PROCESSAMENTO DE DADOS,1,Infraestrutura de TI
CEP (CONTROLE ESTATISTICO DE PROCESSOS),1,Gestão de Empresas
CEPH,1,Infraestrutura de TI
CHEMICAL ENGINEERING,1,Engenharia
CHROME DEVELOPER TOOLS,1,Plataformas de Desenvolvimento
CHROME EXTENSIONS,2,Plataformas de Desenvolvimento
CIENCIA DA COMPUTACAO,1,Desenvolvimento de Sistemas
CLOUD COMPUTING,2,Infraestrutura de TI
CLP (CONTROLADOR LOGICO PROGRAMAVEL),1,Outros
COACHING,1,Ensino
COBERTURA FOR J2ME,1,Plataformas de Desenvolvimento
COBIT,3,Gestão de TI
CODED UI,1,Desenvolvimento de Front-end
CODIGO ABERTO,1,Desenvolvimento de Sistemas
COMERCIO ELETRONICO,15,Marketing e Vendas
COMMERCE,1,Marketing e Vendas
COMMUNICACAO ESTRATEGICA,1,Comunicação
COMPATIBILIDADE CROSS-BROWSER,1,Qualidade de Software
COMPETITIVE ANALYSIS,2,Gestão de Empresas
COMPILERS,1,Desenvolvimento de Sistemas
COMPLEX NETWORKS,1,Outros
COMPOSITING,1,Outros
COMPUTACAO EM NUVEM,1,Infraestrutura de TI
COMPUTER SCIENCE,3,Desenvolvimento de Sistemas
COMUNICACAO DIGITAL,1,Comunicação
COMUNICACAO EMPRESARIAL,2,Comunicação
COMUNICACAO INTERNA,1,Comunicação
COMUNICACAO INTERPESSOAL,2,Comunicação
COMUNICACOES DE MARKETING,8,Marketing e Vendas
CONSULTING,1,Gestão de Empresas
CONSULTORIA,2,Gestão de Empresas
CONSULTORIA DE GESTAO,3,Gestão de Empresas
CONTABILIDADE,1,Gestão Financeira
CONTEXT SENSITIVE SOLUTIONS,1,Outros
CONTEXTUAL INQUIRY,1,Outros
CONTINUOUS INTEGRATION,1,Outros
CONVERSION OPTIMIZATION,1,Outros
COORDENACAO DE PROJETOS,1,Gestão de Projetos
COPYWRITING,1,Outros
CORPORATE BRANDING,1,Marketing e Vendas
CORPORATE FINANCE,1,Gestão Financeira
CORPORATE MANAGEMENT,1,Gestão de Empresas
CREATIVE DIRECTION,1,Artes e Design
CREDIT CARDS,1,Marketing e Vendas
CRITICAL THINKING,1,Habilidades Pessoais
CRM,2,Atendimento
CRM SOLVE360,1,Sistemas de Gestão
CROSS-FUNCTIONAL TEAM LEADERSHIP,1,Gestão de Pessoas
CSS,18,Linguagem de Programação
CSS3,3,Linguagem de Programação
CUCUMBER,1,Plataformas de Desenvolvimento
CUSTOMER DEVELOPMENT,2,Atendimento
CUSTOMER FOCUSED DESIGN,1,Artes e Design
CUSTOMER SATISFACTION,1,Atendimento
CUSTOMER SERVICE,6,Atendimento
CUSTOMER SUCCESS,1,Atendimento
CUSTOMER SUPPORT,1,Atendimento
CVS,2,Qualidade de Software
DAS,1,Outros
DASHBOARD,1,BI
DATA ANALYSIS,6,Ciência de Dados
DATA ANALYTICS,1,Ciência de Dados
DATA CENTER,1,Infraestrutura de TI
DATA EXTRACTION,1,Engenharia de Dados
DATA MINING,2,BI
DATA WAREHOUSING,1,Engenharia de Dados
DATABASE ADMINISTRATION,1,Banco de Dados
DATABASES,2,Banco de Dados
DEBIAN,1,Sistemas Operacionais
DELPHI,3,Plataformas de Desenvolvimento
DESENHO MECANICO,1,Engenharia
DESENVOLVIMENTO ANDROID,2,Mobile
DESENVOLVIMENTO DE NOVOS NEGOCIOS,5,Gestão de Empresas
DESENVOLVIMENTO DE PRODUTOS,2,Gestão de Empresas
DESENVOLVIMENTO DE SISTEMAS,1,Desenvolvimento de Sistemas
DESENVOLVIMENTO DE SITES,1,Outros
DESENVOLVIMENTO DE SOFTWARE,7,Desenvolvimento de Sistemas
DESENVOLVIMENTO EMPRESARIAL,2,Gestão de Empresas
DESENVOLVIMENTO ORIENTADO A TESTES,1,Qualidade de Software
DESENVOLVIMENTO PARA IOS,1,Mobile
DESENVOLVIMENTOS DE CLIENTES,1,Atendimento
DESIGN DA EXPERIENCIA DO USUARIO,1,Desenvolvimento de Front-end
DESIGN DE EXPERIENCIA,1,Desenvolvimento de Front-end
DESIGN DE INTERACAO,2,Desenvolvimento de Front-end
DESIGN DE INTERFACE DO USUARIO,1,Desenvolvimento de Front-end
DESIGN DE INTERIORES,1,Artes e Design
DESIGN GRAFICO,3,Artes e Design
DESIGN PATTERNS,1,Artes e Design
DESIGN RESEARCH,1,Artes e Design
DESIGN STRATEGY,1,Artes e Design
DESIGN THINKING,3,Artes e Design
DESIGN VOLTADO PARA O USUARIO,1,Desenvolvimento de Front-end
DEVELOPMENT MANAGEMENT,1,Desenvolvimento de Sistemas
DEVELOPMENT PROGRAMMING,1,Desenvolvimento de Sistemas
DEVOPS,1,Desenvolvimento de Sistemas
DHTML,1,Linguagem de Programação
DIGITAL ADVERTISING,1,Marketing e Vendas
DIGITAL MARKETING,21,Marketing e Vendas
DIGITAL MEDIA,2,Artes e Design
DIGITAL MEDIA SERVICES,1,Artes e Design
DIGITAL STRATEGY,5,Gestão de Empresas
DIGITAL TV,1,Outros
DIRECT SALES,1,Marketing e Vendas
DISTRIBUTED SYSTEMS,3,Desenvolvimento de Sistemas
DJANGO,3,Plataformas de Desenvolvimento
DOCKER,2,Sistemas Operacionais
DOCTRINE,1,Outros
DOJO,1,Outros
DOS,4,Sistemas Operacionais
E-COMMERCE,10,Marketing e Vendas
E-COMMERCE CONSULTING,1,Marketing e Vendas
E-COMMERCE GLOBAL,1,Marketing e Vendas
E-COMMERCE OPTIMIZATION,1,Marketing e Vendas
E-COMMERCE SEO,4,Marketing e Vendas
E-LEARNING,1,Ensino
ECLIPSE,2,Plataformas de Desenvolvimento
ECONOMIA,1,Outros
EDICAO DE AUDIO,1,Artes e Design
EDICAO DE IMAGENS,1,Artes e Design
EDICAO DE VIDEO,1,Artes e Design
EFITNESSE,1,Outros
EJB,1,Desenvolvimento de Sistemas
ELECTRON,1,Outros
EMAIL MARKETING,3,Marketing e Vendas
EMBEDDED SYSTEMS,1,Outros
EMPREENDEDORISMO,6,Gestão de Empresas
EMPREENDEDORISMO SOCIAL,1,Gestão de Empresas
EMPRESAS STARTUPS,8,Gestão de Empresas
ENGENHARIA,2,Engenharia
ENGENHARIA CIVIL,1,Engenharia
ENGENHARIA DE PROCESSOS,1,Engenharia
ENGENHARIA DE PRODUCAO,1,Engenharia
ENGENHARIA DE PROJETOS,1,Engenharia
ENGENHARIA DE SOFTWARE,4,Desenvolvimento de Sistemas
ENGINEERING,2,Engenharia
ENGLISH,9,Idiomas
ENTREPRENEURSHIP,6,Gestão de Empresas
ERP,3,Sistemas de Gestão
ERP (PLANEJAMENTO DE RECURSOS EMPRESARIAIS),3,Sistemas de Gestão
ERP/CRM,1,Sistemas de Gestão
ESCALABILIDADE,1,Infraestrutura de TI
ESCRITA,1,Comunicação
ESTRATEGIA,5,Gestão de Empresas
ESTRATEGIA DIGITAL,6,Gestão de Empresas
ESTRATEGIA EMPRESARIAL,23,Gestão de Empresas
ESTRATEGIAS DE MARKETING,24,Marketing e Vendas
ETHNOGRAPHY,1,Artes e Design
ETL,1,Engenharia de Dados
"ETL (EXTRACAO, TRANSFORMACAO E CARREGAMENTO)",1,Engenharia de Dados
EXACT SALES,1,Marketing e Vendas
EXCEL,1,Informática
EXCEL DASHBOARDS,1,BI
EXECUTIVE COACHING,1,Gestão de Empresas
EXPERIENCE DESIGN,2,Desenvolvimento de Front-end
EXPERIENCIA DO CLIENTE,2,Atendimento
EXPERIENCIA DO USUARIO,4,Desenvolvimento de Front-end
EXPERIENCIA EM MARKETING DIGITAL,1,Marketing e Vendas
"EXTRACT, TRANSFORM, LOAD (ETL)",1,Engenharia de Dados
FACEBOOK,1,Comunicação
FACEBOOK API,3,Plataformas de Desenvolvimento
FACILITADOR EDUCACIONAL,1,Ensino
FAST LEARNING,1,Ensino
FERRAMENTAS LEAN,1,Outros
FIELD MARKETING,1,Marketing e Vendas
FILM PRODUCTION,1,Artes e Design
FINANCAS,1,Gestão Financeira
FINANCAS CORPORATIVAS,1,Gestão Financeira
FINANCE,2,Gestão Financeira
FINANCIAL ANALYSIS,1,Gestão Financeira
FINANCIAL MODELING,1,Gestão Financeira
FITNESSE,1,Outros
FLASK,1,Outros
FOCO NO CLIENTE,1,Atendimento
FORMACAO DE EQUIPES,1,Gestão de Pessoas
FOTOGRAFIA,1,Artes e Design
FRAMEWORKS PHP,1,Plataformas de Desenvolvimento
FREEBSD,1,Sistemas Operacionais
FRONT-END,4,Desenvolvimento de Front-end
FRONT-END DEVELOPMENT,1,Desenvolvimento de Front-end
FUSOES E AQUISICOES,1,Gestão de Empresas
GERENCIAMENTO DE PROCESSOS,1,Gestão de Empresas
GERENCIAMENTO DE PROCESSOS DE NEGOCIOS,1,Gestão de Empresas
GERENCIAMENTO DE SERVICOS DE TI,2,Gestão de TI
GESTAO,23,Gestão de Empresas
GESTAO COMERCIAL,1,Gestão de Empresas
GESTAO DA MUDANCAS,1,Gestão de TI
GESTAO DE ATIVOS,1,Gestão de Empresas
GESTAO DE CARTEIRAS,1,Gestão de Empresas
GESTAO DE CONTAS,2,Atendimento
GESTAO DE CONTRATOS,1,Gestão de Empresas
GESTAO DE EQUIPES,2,Gestão de Pessoas
GESTAO DE EVENTOS,1,Gestão de Empresas
GESTAO DE INFORMACOES,1,Gestão de Empresas
GESTAO DE MARKETING,1,Marketing e Vendas
GESTAO DE OBRAS,1,Gestão de Empresas
GESTAO DE PESSOAL,1,Gestão de Pessoas
GESTAO DE PESSOAS,1,Gestão de Pessoas
GESTAO DE PRODUTOS,1,Gestão de Empresas
GESTAO DE PROGRAMAS,1,Gestão de Projetos
GESTAO DE PROJETOS,11,Gestão de Projetos
GESTAO DE PROJETOS DE SOFTWARE,1,Gestão de Projetos
GESTAO DE RELACAO DE CLIENTES,6,Atendimento
GESTAO DE RISCOS,1,Gestão de Projetos
GESTAO DE TI,2,Gestão de TI
GESTAO DE VENDAS,8,Marketing e Vendas
GESTAO EMPRESARIAL,1,Gestão de Empresas
GESTAO LEAN,1,Gestão de Empresas
GESTAO POR INDICADORES,1,Gestão de Empresas
GIT,19,Qualidade de Software
GO,1,Outros
GOOGLE ADWORDS,8,Marketing e Vendas
GOOGLE ANALYTICS,13,BI
GOOGLE CLOUD PLATFORM,1,Infraestrutura de TI
GOOGLE WEBMASTER TOOLS,1,Plataformas de Desenvolvimento
GOVERNANCE,1,Gestão de Empresas
GRAPHIC DESIGN,3,Artes e Design
GROWTH HACKING,1,Outros
GRUNTJS,3,Plataformas de Desenvolvimento
GTK,1,Outros
GULP.JS,3,Plataformas de Desenvolvimento
HANDLEBARS.JS,1,Outros
HARDWARE INSTALLATION,1,Infraestrutura de TI
HEROKU,3,Plataformas de Desenvolvimento
HEURISTIC EVALUATION,1,Ciência de Dados
HISTORY,1,Outros
HTML,17,Linguagem de Programação
HTML 5,6,Linguagem de Programação
HTML/XML,1,Linguagem de Programação
HTML5,6,Linguagem de Programação
HUMAN COMPUTER INTERACTION,1,Desenvolvimento de Front-end
HUMAN RESOURCES,1,Gestão de Pessoas
HYPERIC HQ,1,Outros
HYPOTHESIS TESTING,1,Ciência de Dados
IDENTIDADE DE MARCA CORPORATIVA,1,Marketing e Vendas
ILLUSTRATOR,2,Artes e Design
ILUSTRACAO,1,Artes e Design
IMPLEMENTACAO DE PIXEL,1,Artes e Design
INBOUND MARKETING,1,Marketing e Vendas
INDESIGN,1,Artes e Design
INFORMATION ARCHITECTURE,5,Engenharia de Dados
INFORMATION DESIGN,1,Engenharia de Dados
INFORMATION MANAGEMENT,1,Engenharia de Dados
INFORMATION RETRIEVAL,3,Engenharia de Dados
INFORMATION SECURITY,1,Gestão de TI
INFRASTRUCTURE MANAGEMENT,1,Infraestrutura de TI
INGLES,14,Idiomas
INGLES BASICO,1,Idiomas
INGLES INTERMEDIARIO,1,Idiomas
INNOVATION,2,Habilidades Pessoais
INOVACAO ABERTA,1,Outros
INSURANCE,1,Outros
INTEGRACAO,1,Outros
INTELIGENCIA DE MERCADO,1,Gestão de Empresas
INTELIGENCIA EMPRESARIAL,3,BI
INTERACTION DESIGN,4,Desenvolvimento de Front-end
INTERIOR DESIGN,1,Artes e Design
INTERIOR LIGHTING,1,Artes e Design
INTERNET ENTREPRENEUR,1,Outros
INVESTIMENTOS,2,Gestão Financeira
IONIC FRAMEWORK,1,Plataformas de Desenvolvimento
IOS,1,Mobile
IOS DEVELOPMENT,2,Mobile
IT MANAGEMENT,3,Gestão de TI
IT OUTSOURCING,1,Gestão de TI
IT SERVICE MANAGEMENT,2,Gestão de TI
ITIL,4,Gestão de TI
ITS,1,Outros
J2ME,1,Plataformas de Desenvolvimento
JADE,1,Outros
JASMINE,1,Plataformas de Desenvolvimento
JASMINE FRAMEWORK,1,Plataformas de Desenvolvimento
JAVA,18,Linguagem de Programação
JAVA ENTERPRISE EDITION,1,Linguagem de Programação
JAVASCRIPT,23,Linguagem de Programação
JAVASE,1,Outros
JDBC,1,Banco de Dados
JENKINS,1,Outros
JIRA,1,Qualidade de Software
JMETER,1,Outros
JMUNIT,1,Outros
JPA,1,Outros
JQUERY,13,Linguagem de Programação
JSF,2,Linguagem de Programação
JSON,3,Linguagem de Programação
KANBAN,2,Gestão de Projetos
KARMA,1,Outros
KEY ACCOUNT MANAGEMENT,1,Outros
KUBERNETES,1,Infraestrutura de TI
LANDING PAGE OPTIMIZATION,1,Outros
LARAVEL,2,Plataformas de Desenvolvimento
LATEX,1,Outros
LAYOUT,1,Outros
LAYOUT GRAFICO,1,Outros
LEADERSHIP,4,Gestão de Pessoas
LEAN STARTUP,1,Outros
LESS,1,Outros
LIDERANCA,11,Gestão de Pessoas
LIDERANCA DE EQUIPE,18,Gestão de Pessoas
LIDERANCA INOVADORA,1,Gestão de Pessoas
LINGUA PORTUGUESA,1,Idiomas
LINHAS AEREAS,1,Outros
LINUX,18,Sistemas Operacionais
LINUX DEVELOPMENT,2,Sistemas Operacionais
LINUX SERVER,1,Sistemas Operacionais
LIVING ABROAD,1,Outros
LUA,2,Linguagem de Programação
M&A EXPERIENCE,1,Outros
MACHINE LEARNING,1,Ciência de Dados
MAEMO,1,Outros
MANAGEMENT,16,Gestão de Empresas
MANAGEMENT CONSULTING,1,Gestão de Empresas
MANAGING DISTRIBUTION CHANNELS,1,Gestão de Empresas
MAPREDUCE,1,Ciência de Dados
MARKET ANALYSIS,1,Gestão de Empresas
MARKET PLANNING,3,Marketing e Vendas
MARKETING,26,Marketing e Vendas
MARKETING AFILIADO,3,Marketing e Vendas
MARKETING COMERCIAL,2,Marketing e Vendas
MARKETING COMMUNICATIONS,4,Marketing e Vendas
MARKETING DE CONTEUDO,1,Marketing e Vendas
MARKETING DE INFLUENCIADORES,1,Marketing e Vendas
MARKETING DE MOTOR DE BUSCA,3,Marketing e Vendas
MARKETING DIGITAL,32,Marketing e Vendas
MARKETING DIRETO,1,Marketing e Vendas
MARKETING INBOUND,1,Marketing e Vendas
MARKETING MANAGEMENT,3,Marketing e Vendas
MARKETING NO FACEBOOK,1,Marketing e Vendas
MARKETING ONLINE,11,Marketing e Vendas
MARKETING PARA DISPOSITIVOS MOVEIS,1,Marketing e Vendas
MARKETING POR E-MAIL,7,Marketing e Vendas
MARKETING SOCIAL,10,Marketing e Vendas
MARKETING STRATEGY,16,Marketing e Vendas
MATERIAL DESIGN,2,Desenvolvimento de Front-end
MEDIA PLANNING,1,Comunicação
MELHORIA DE PROCESSOS,3,Gestão de Empresas
MELHORIA DE PROCESSOS EMPRESARIAIS,1,Gestão de Empresas
MERCADO DE CAPITAIS,1,Gestão Financeira
MERCADO DE CREDITO,1,Gestão Financeira
MERCADOS FINANCEIROS,1,Gestão Financeira
MERGERS,1,Gestão de Empresas
MERGERS & ACQUISITIONS,1,Gestão de Empresas
METALLURGY,1,Outros
METODOLOGIAS AGEIS,2,Gestão de Projetos
METROLOGIA,1,Outros
MICROSOFT CRM,1,Sistemas de Gestão
MICROSOFT EXCEL,29,Informática
MICROSOFT OFFICE,35,Informática
MICROSOFT POWERPOINT,19,Informática
MICROSOFT PROJECT,8,Gestão de Projetos
MICROSOFT SQL SERVER,7,Banco de Dados
MICROSOFT TEST MANAGER,1,Qualidade de Software
MICROSOFT VISUAL STUDIO,1,Plataformas de Desenvolvimento
MICROSOFT WINDOWS,2,Sistemas Operacionais
MICROSOFT WORD,19,Informática
MIDIA DIGITAL,3,Artes e Design
MIDIAS SOCIAIS,15,Comunicação
MOBILE APPLICATION DESIGN,1,Mobile
MOBILE APPLICATION DEVELOPMENT,1,Mobile
MOBILE APPLICATIONS,4,Mobile
MOBILE DESIGN,2,Mobile
MOBILE DEVICES,3,Mobile
MOBILE MARKETING,2,Marketing e Vendas
MOBILE PRODUCT DEVELOPMENT,1,Mobile
MOBILE TELECOMMUNICATIONS,1,Mobile
MOBILE TESTING,1,Mobile
MODELAGEM FINANCEIRA,1,Gestão Financeira
MONGODB,3,Banco de Dados
MONKEYRUNNER,1,Outros
MOODLE,1,Outros
MOTIVACAO DE EQUIPES,1,Gestão de Pessoas
MOZILLA,1,Outros
MS PROJECT,1,Gestão de Projetos
MULTIMIDIA,1,Artes e Design
MULTITHREADING,1,Outros
MUSIC THEORY,1,Artes e Design
MUSTACHE,1,Outros
MYSQL,22,Banco de Dados
NAGIOS,1,Outros
NAVITAIRE SKYSPEED 3.4,1,Outros
NEGOCIACAO,17,Habilidades Pessoais
NEGOCIACAO DE CONTRATOS,1,Gestão de Empresas
NEGOTIATION,14,Habilidades Pessoais
NET PROMOTER SCORE,2,Marketing e Vendas
NETWORK PROTOCOLS,1,Infraestrutura de TI
NEW BUSINESS DEVELOPMENT,6,Gestão de Empresas
NGINX,3,Infraestrutura de TI
NODE.JS,4,Plataformas de Desenvolvimento
NOSQL,1,Banco de Dados
NOVOS NEGOCIOS,1,Gestão de Empresas
OBJECT ORIENTED DESIGN,1,Desenvolvimento de Sistemas
OBJECT PASCAL,1,Linguagem de Programação
OBJECTIVE-C,4,Linguagem de Programação
ONLINE ADVERTISING,10,Marketing e Vendas
ONLINE LEAD GENERATION,2,Marketing e Vendas
ONLINE MARKETING,4,Marketing e Vendas
OOP,3,Desenvolvimento de Sistemas
OPEN SOURCE,2,Desenvolvimento de Sistemas
OPENSOCIAL,1,Outros
OPERACOES DE VENDAS,1,Marketing e Vendas
OPERATING SYSTEMS,10,Sistemas Operacionais
OPERATIONS MANAGEMENT,1,Gestão de Empresas
OPTIMIZATION STRATEGIES,1,Outros
ORACLE HYPERION WEB ANALYSIS,1,Outros
ORACLE I-EXPENSES,1,Outros
ORACLE SQL,1,Banco de Dados
ORATORIA,4,Comunicação
ORGANIZACAO DE EVENTOS,1,Outros
ORGANIZACOES SEM FINS LUCRATIVOS,1,Outros
OUTSOURCING,1,Gestão de Empresas
PALESTRAS,1,Ensino
PAPER PROTOTYPING,1,Outros
PARALLEL COMPUTING,1,Infraestrutura de TI
PARALLEL PROGRAMMING,1,Desenvolvimento de Sistemas
PDCA,2,Gestão de Empresas
PENSAMENTO LEAN,1,Outros
PENTAHO,1,Engenharia de Dados
PERFORMANCE IMPROVEMENT,1,Outros
PERFORMANCE TUNING,1,Outros
PERL,1,Linguagem de Programação
PERSISTENCIA,1,Habilidades Pessoais
PERSONA,1,Outros
PERSONAS,1,Outros
PESQUISA,4,Habilidades Pessoais
PHONEGAP,1,Mobile
PHOTOSHOP,5,Artes e Design
PHP,22,Linguagem de Programação
PHPMYADMIN,1,Outros
PHPUNIT,1,Outros
PLANEJAMENTO DE EVENTOS,1,Outros
PLANEJAMENTO DE MERCADO,1,Gestão de Empresas
PLANEJAMENTO DE MIDIA,1,Outros
PLANEJAMENTO DE PROJETOS,3,Gestão de Projetos
PLANEJAMENTO EMPRESARIAL,14,Gestão de Empresas
PLANEJAMENTO ESTRATEGICO,28,Gestão de Empresas
PLANNING,1,Gestão de Projetos
PMI,2,Gestão de Projetos
PMO,1,Gestão de Projetos
PORTFOLIO MANAGEMENT,1,Gestão de Projetos
PORTUGUES,4,Idiomas
PORTUGUESE,5,Idiomas
POSTGRESQL,7,Banco de Dados
POWERPOINT,8,Informática
PPC,1,Outros
PRE-SALES,2,Marketing e Vendas
PRE-SALES TECHNICAL SUPPORT,1,Outros
PRE-VENDAS,1,Marketing e Vendas
PRECIFICACAO,1,Marketing e Vendas
PRICING STRATEGY,1,Marketing e Vendas
PROACTIVITY,1,Habilidades Pessoais
PROATIVIDADE,1,Habilidades Pessoais
PROBLEM SOLVING,1,Habilidades Pessoais
PROCESS ENGINEERING,1,Engenharia
PROCESSO DE VENDA,1,Marketing e Vendas
PRODUCT DESIGN,1,Outros
PRODUCT DEVELOPMENT,3,Gestão de Empresas
PRODUCT MANAGEMENT,2,Gestão de Empresas
"PROFISSIONAL COMPETENTE, COMUNICATIVO E PROATIVO.",1,Habilidades Pessoais
PROGRAMACAO DE COMPUTADORES,3,Desenvolvimento de Sistemas
PROGRAMMING,2,Desenvolvimento de Sistemas
PROGRAMMING LANGUAGES,1,Linguagem de Programação
PROJECT COORDINATION,1,Gestão de Projetos
PROJECT ESTIMATION,1,Gestão de Projetos
PROJECT MANAGEMENT,9,Gestão de Projetos
PROJECT PLANNING,2,Gestão de Projetos
PROLOG,2,Linguagem de Programação
PROTOTYPE,1,Desenvolvimento de Front-end
PROTOTYPING,2,Desenvolvimento de Front-end
PSYCHOLOGICAL ASSESSMENT,1,Gestão de Pessoas
PSYCHOMETRICS,1,Gestão de Pessoas
PUBLIC SPEAKING,3,Comunicação
PUBLICIDADE,11,Marketing e Vendas
PUBLICIDADE ONLINE,18,Marketing e Vendas
PYTHON,18,Linguagem de Programação
QT,2,Plataformas de Desenvolvimento
QUALITY MANAGEMENT,1,Outros
R,2,Linguagem de Programação
RANCHER,1,Outros
RAPID PROTOTYPING,1,Outros
REACT.JS,2,Plataformas de Desenvolvimento
RECRUITING,1,Gestão de Pessoas
RECRUITMENTS,1,Gestão de Pessoas
RECURSOS HUMANOS,1,Gestão de Pessoas
REDACAO,2,Comunicação
REDES AFILIADAS,1,Marketing e Vendas
REDIS,1,Banco de Dados
REDUX,1,Outros
RELACOES COM A MIDIA,1,Comunicação
RELACOES COM OS CLIENTES,1,Atendimento
RELACOES PUBLICAS,3,Comunicação
RELATIONSHIP MARKETING,1,Marketing e Vendas
REQUIREJS,1,Outros
RESEARCH,4,Habilidades Pessoais
RESOLUCAO DE PROBLEMAS,1,Habilidades Pessoais
RESPONSIVE WEB DESIGN,1,Desenvolvimento de Front-end
RESPONSIVENESS,1,Desenvolvimento de Front-end
REST,2,Desenvolvimento de Sistemas
REVISAO DE TEXTO,1,Comunicação
ROBOTIUM,1,Qualidade de Software
RUBY,4,Linguagem de Programação
RUBY ON RAILS,3,Linguagem de Programação
RUNRUN.IT,1,Outros
SABRE,1,Outros
SALES,3,Marketing e Vendas
SALES & MARKETING,1,Marketing e Vendas
SALES MANAGEMENT,11,Marketing e Vendas
SALES MANAGEMENT COACHING,1,Marketing e Vendas
SALES OPERATIONS,2,Marketing e Vendas
SALES PROCESS,1,Marketing e Vendas
SALES REPRESENTATIVES,1,Marketing e Vendas
SALES TRACKING,1,Marketing e Vendas
SALESFORCE.COM,4,Sistemas de Gestão
SAP ERP,1,Sistemas de Gestão
SAP R/3,1,Sistemas de Gestão
SASS,4,Marketing e Vendas
SATISFACAO DO CLIENTE,1,Atendimento
SCALABILITY,3,Infraestrutura de TI
SCILAB,1,Ciência de Dados
SCRUM,26,Gestão de Projetos
SEARCH ENGINE OPTIMIZATION (SEO),1,Marketing e Vendas
SEGUROS,1,Outros
SEIS SIGMA,1,Outros
SELENIUM,1,Qualidade de Software
SELENIUM RC/IDE,1,Qualidade de Software
SELENIUM WEBDRIVER,1,Qualidade de Software
SELLING SKILLS,1,Marketing e Vendas
SEM,5,Marketing e Vendas
SEMANTIC HTML,1,Outros
SENSIBILIDADE,1,Habilidades Pessoais
SEO,11,Marketing e Vendas
SEO (OTIMIZACAO DE MOTORES DE BUSCA),9,Marketing e Vendas
SERVICE DESIGN,1,Outros
SERVICOS BANCARIOS,1,Gestão Financeira
SERVIDOR APACHE,1,Infraestrutura de TI
SERVIDOR WINDOWS,1,Infraestrutura de TI
SHELL SCRIPT,2,Sistemas Operacionais
SHELL SCRIPTING,5,Sistemas Operacionais
SHORT FILMS,1,Artes e Design
SIKULI,1,Outros
SILEX,1,Outros
SISTEMA FRONT-END,1,Desenvolvimento de Front-end
SISTEMAS DISTRIBUIDOS,1,Desenvolvimento de Sistemas
SISTEMAS OPERACIONAIS,10,Sistemas Operacionais
SITEMAP,1,Outros
SKETCHING,1,Outros
SML,1,Outros
SOAP,1,Desenvolvimento de Sistemas
SOCIABILIDADE,1,Habilidades Pessoais
SOCIAL COMPUTING,1,Outros
SOCIAL MEDIA,13,Comunicação
SOCIAL MEDIA ADVERTISING,1,Marketing e Vendas
SOCIAL MEDIA MARKETING,10,Marketing e Vendas
SOCIAL NETWORKING,1,Comunicação
SOCIAL SKILLS,1,Habilidades Pessoais
SOCIAL WEB,1,Comunicação
SOCKET.IO,1,Outros
SOFTWARE DESIGN,1,Desenvolvimento de Sistemas
SOFTWARE DEVELOPMENT,15,Desenvolvimento de Sistemas
SOFTWARE DOCUMENTATION,1,Qualidade de Software
SOFTWARE ENGINEERING,6,Desenvolvimento de Sistemas
SOFTWARE PROJECT MANAGEMENT,1,Gestão de Projetos
SOFTWARE TESTING PROCESS,1,Qualidade de Software
SOLIDWORKS,2,Engenharia
SOLUCOES CRIATIVAS,1,Habilidades Pessoais
SOLUTION SELLING,1,Marketing e Vendas
SOLUTIONS SELLING,1,Marketing e Vendas
SPANISH,2,Idiomas
SPORTS,1,Outros
SQL,15,Banco de Dados
SQLITE,1,Banco de Dados
START-UP ENVIRONMENT,1,Outros
START-UPS,8,Gestão de Empresas
STARTUP DEVELOPMENT,2,Gestão de Empresas
STARTUP MARKETING,1,Marketing e Vendas
STOCK EXCHANGE,1,Gestão Financeira
STOCK MARKET ANALYSIS,2,Gestão Financeira
STRATEGIC CONSULTING,1,Gestão de Empresas
STRATEGIC PLANNING,16,Gestão de Empresas
STRATEGIC SALES,1,Marketing e Vendas
STRATEGY,2,Gestão de Empresas
SUBVERSION,3,Qualidade de Software
SUPORTE TECNICO,1,Atendimento
SUPPLY CHAIN,1,Gestão de Empresas
SWIFT,4,Linguagem de Programação
SYSTEM ARCHITECTURE,1,Desenvolvimento de Sistemas
SYSTEM TESTING,1,Qualidade de Software
TABLEAU,1,BI
TALENTO VOCAL,1,Artes e Design
TDD,1,Outros
TEAM FOUNDATION SERVER,1,Qualidade de Software
TEAM LEADERSHIP,14,Gestão de Pessoas
TEAM MANAGEMENT,3,Gestão de Pessoas
TEAMWORK,4,Habilidades Pessoais
TECNOLOGIA DA INFORMACAO,1,Outros
TECNOLOGIAS EDUCACIONAIS,1,Ensino
TELECOMMUNICATIONS,1,Outros
TERCEIRIZACAO DE SERVICOS,2,Gestão de Empresas
TEST AUTOMATION,1,Qualidade de Software
TEST STRATEGY,1,Qualidade de Software
TESTE DE USABILIDADE,1,Desenvolvimento de Front-end
TESTING,1,Qualidade de Software
TESTLINK,1,Outros
TETRIZ,1,Outros
TRADE FINANCE,2,Gestão Financeira
TRADE MARKETING,5,Marketing e Vendas
TREINAMENTO,1,Ensino
TURISMO,1,Outros
TYPESCRIPT,1,Outros
UBUNTU,1,Sistemas Operacionais
UML,9,Desenvolvimento de Sistemas
UNIFIED MODELING LANGUAGE (UML),1,Desenvolvimento de Sistemas
UNIX,1,Sistemas Operacionais
UNIX SHELL SCRIPTING,2,Sistemas Operacionais
USABILIDADE,3,Desenvolvimento de Front-end
USABILITY,4,Desenvolvimento de Front-end
USABILITY ENGINEERING,1,Desenvolvimento de Front-end
USABILITY TESTING,5,Desenvolvimento de Front-end
USER EXPERIENCE,7,Desenvolvimento de Front-end
USER EXPERIENCE DESIGN,3,Desenvolvimento de Front-end
USER INTERFACE,1,Desenvolvimento de Front-end
USER INTERFACE DESIGN,4,Desenvolvimento de Front-end
USER INTERFACES,1,Desenvolvimento de Front-end
USER-CENTERED DESIGN,3,Desenvolvimento de Front-end
VALUATION,1,Outros
VARNISH CACHE,1,Outros
VBA,3,Linguagem de Programação
VENDA DE SOLUCOES DE SOFTWARE,2,Marketing e Vendas
VENDAS,10,Marketing e Vendas
VENDOR MANAGEMENT,1,Marketing e Vendas
VENDOR RELATIONS,1,Marketing e Vendas
VENTURE CAPITAL,1,Outros
VIDEO PRODUCTION,1,Artes e Design
VISAO SISTEMICA,1,Habilidades Pessoais
VISUAL BASIC,3,Linguagem de Programação
VISUAL BASIC 5.0/6.0,1,Linguagem de Programação
VISUAL DESIGN,1,Outros
VMWARE,1,Infraestrutura de TI
WEB 2.0,1,Outros
WEB ANALYTICS,5,BI
WEB APPLICATION DESIGN,1,Outros
WEB DESIGN,7,Desenvolvimento de Front-end
WEB DEVELOPMENT,10,Desenvolvimento de Sistemas
WEB HOSTING,1,Infraestrutura de TI
WEB MINING,1,Outros
WEB SERVICES,2,Desenvolvimento de Sistemas
WEB STANDARDS,2,Desenvolvimento de Sistemas
WEBKIT,1,Outros
WEBRTC,1,Outros
WEBSOCKETS,1,Outros
WEBTRENDS ANALYTICS,1,Marketing e Vendas
WINDOWS,5,Sistemas Operacionais
WINDOWS PHONE,1,Mobile
WINDOWS SERVER,1,Infraestrutura de TI
WIREFRAMES,3,Desenvolvimento de Front-end
WORDPRESS,5,Plataformas de Desenvolvimento
XML,3,Desenvolvimento de Sistemas
ZABBIX,1,Outros